<?xml version="1.0" ?>
<Cluster masterAddress="localhost">
	<Node address="localhost" port="20401">
		<Window fullScreen="false" msaa="4" alpha="true">
			<Stereo type="none" />
			<!-- 16:9 aspect ratio -->
			<Size x="512" y="512" />
			<!-- Frame buffer resolution -->
			<Res x="4096" y="4096" />
			<!--
				quality options (cubemap size):
					- low (256)
					- medium (512)
					- high/1k (1024)
					- 2k (2048)
					- 4k (4096)
					- 8k (8192)
				tilt specifies the dome tilt angle in degrees from the horizontal
			-->
			<Viewport name="fisheye">
				<Pos x="0.0" y="0.0" />
				<Size x="1.0" y="1.0" />	
				<FisheyeProjection fov="180" quality="2k" tilt="0.0" diameter="14.8">
					<Background r="0.1" g="0.1" b="0.1" a="0.0" />
				</FisheyeProjection>
			</Viewport>
		</Window>
	</Node>
	<User eyeSeparation="0.06">
		<Pos x="0.0" y="0.0" z="0.0" />
	</User>
</Cluster>